--------SYS_RESOURCE表数据--------
insert into SYS_RESOURCE(ID,DELETED,DESCRIPTION,ENABLED,ICON,NAME,ORDERS,PID,URL) values('4028eeb854c7ed3b0154c7ed3ba00000',0,'系统管理',1,'icon-system','系统管理',10,'root',null);
insert into SYS_RESOURCE(ID,DELETED,DESCRIPTION,ENABLED,ICON,NAME,ORDERS,PID,URL) values('4028eeb854c7ed3b0154c7ef26790002',0,'部门管理',1,'icon-org','部门管理',1010,'4028eeb854c7ed3b0154c7ed3ba00000','/org/index');
insert into SYS_RESOURCE(ID,DELETED,DESCRIPTION,ENABLED,ICON,NAME,ORDERS,PID,URL) values('4028eeb8554e2cea01554e2dbbe60001',0,'系统日志',1,'icon-log','系统日志',1070,'4028eeb854c7ed3b0154c7ed3ba00000','/syslog/index');
insert into SYS_RESOURCE(ID,DELETED,DESCRIPTION,ENABLED,ICON,NAME,ORDERS,PID,URL) values('4028eeb85575d122015575de42bc0026',0,'洞见分析-核价整体分析',1,'icon-chart-line','核价整体分析',3030,'4028eeb85575d122015575db9694001b',null);
insert into SYS_RESOURCE(ID,DELETED,DESCRIPTION,ENABLED,ICON,NAME,ORDERS,PID,URL) values('4028eeb85575d122015575e26c93002e',0,null,1,'icon-chart-line','定损配件分析',304020,'4028eeb85575d122015575dfaa590028',null);
insert into SYS_RESOURCE(ID,DELETED,DESCRIPTION,ENABLED,ICON,NAME,ORDERS,PID,URL) values('4028eeb85575d122015575e63ad30038',0,null,1,'icon-','分公司核价分析',4030,'4028eeb85575d122015575dbf263001d',null);
insert into SYS_RESOURCE(ID,DELETED,DESCRIPTION,ENABLED,ICON,NAME,ORDERS,PID,URL) values('4028eeb85515762601551589b0860006',0,'系统参数',1,'icon-system-params','系统变量',1050,'4028eeb854c7ed3b0154c7ed3ba00000','/sysparam/index');
insert into SYS_RESOURCE(ID,DELETED,DESCRIPTION,ENABLED,ICON,NAME,ORDERS,PID,URL) values('4028eeb85575d122015575db9694001b',0,null,1,'icon-chart-line','洞见分析',30,'root',null);
insert into SYS_RESOURCE(ID,DELETED,DESCRIPTION,ENABLED,ICON,NAME,ORDERS,PID,URL) values('4028eeb85575d122015575dbf263001d',0,null,1,'icon-','定核损分析',40,'root',null);
insert into SYS_RESOURCE(ID,DELETED,DESCRIPTION,ENABLED,ICON,NAME,ORDERS,PID,URL) values('4028eeb85575d122015575dd33de0022',0,'洞见分析-件均整体分析',1,'icon-chart-line','件均整体分析',3010,'4028eeb85575d122015575db9694001b',null);
insert into SYS_RESOURCE(ID,DELETED,DESCRIPTION,ENABLED,ICON,NAME,ORDERS,PID,URL) values('root',0,'根节点',1,'icon-root','根节点',0,'0',null);
insert into SYS_RESOURCE(ID,DELETED,DESCRIPTION,ENABLED,ICON,NAME,ORDERS,PID,URL) values('4028eeb8554390f901554390f90c0000',0,'服务器信息',1,'icon-server','服务器信息',1060,'4028eeb854c7ed3b0154c7ed3ba00000','/sysinfo/index');
insert into SYS_RESOURCE(ID,DELETED,DESCRIPTION,ENABLED,ICON,NAME,ORDERS,PID,URL) values('4028eeb8555d1eab01555d2b0e970002',0,null,1,'icon-chart-line','系统日志分析',2010,'4028eeb8555bfe0f01555c28d7b50004','/chart/logAnalyse');
insert into SYS_RESOURCE(ID,DELETED,DESCRIPTION,ENABLED,ICON,NAME,ORDERS,PID,URL) values('4028eeb85575d122015575e0a57f002a',0,'洞见定损监控-定损车型分析',1,'icon-chart-line','定损车型分析',304010,'4028eeb85575d122015575dfaa590028',null);
insert into SYS_RESOURCE(ID,DELETED,DESCRIPTION,ENABLED,ICON,NAME,ORDERS,PID,URL) values('4028eeb854c7ed3b0154c7eeb8ac0001',0,'菜单管理',1,'icon-res','菜单管理',1020,'4028eeb854c7ed3b0154c7ed3ba00000','/resource/index');
insert into SYS_RESOURCE(ID,DELETED,DESCRIPTION,ENABLED,ICON,NAME,ORDERS,PID,URL) values('4028eeb854cca9fe0154ccb07df50001',0,'用户管理',1,'icon-user','用户管理',1040,'4028eeb854c7ed3b0154c7ed3ba00000','/user/index');
insert into SYS_RESOURCE(ID,DELETED,DESCRIPTION,ENABLED,ICON,NAME,ORDERS,PID,URL) values('4028eeb8555348e00155535b9f930005',0,'列表的查询条件',1,'icon-filter','过滤器管理',1080,'4028eeb854c7ed3b0154c7ed3ba00000','/filter/index');
insert into SYS_RESOURCE(ID,DELETED,DESCRIPTION,ENABLED,ICON,NAME,ORDERS,PID,URL) values('4028eeb85529b507015529bdfd570002',0,'角色管理',1,'icon-role','角色管理',1030,'4028eeb854c7ed3b0154c7ed3ba00000','/role/index');
insert into SYS_RESOURCE(ID,DELETED,DESCRIPTION,ENABLED,ICON,NAME,ORDERS,PID,URL) values('4028eeb85552355a01555251ad00000f',1,null,1,'test','test',20,'4028eeb854c7ed3b0154c7ed3ba00000',null);
insert into SYS_RESOURCE(ID,DELETED,DESCRIPTION,ENABLED,ICON,NAME,ORDERS,PID,URL) values('4028eeb8555bfe0f01555c28d7b50004',0,'报表管理',1,'icon-chart','报表管理',20,'root',null);
insert into SYS_RESOURCE(ID,DELETED,DESCRIPTION,ENABLED,ICON,NAME,ORDERS,PID,URL) values('4028eeb85575d122015575dfaa590028',0,'洞见分析-定损监控',1,'icon-chart-line','定损监控',3040,'4028eeb85575d122015575db9694001b',null);
insert into SYS_RESOURCE(ID,DELETED,DESCRIPTION,ENABLED,ICON,NAME,ORDERS,PID,URL) values('4028eeb85575d122015575e437190032',0,null,1,'icon-chart-line','定损配件分析',304040,'4028eeb85575d122015575dfaa590028',null);
insert into SYS_RESOURCE(ID,DELETED,DESCRIPTION,ENABLED,ICON,NAME,ORDERS,PID,URL) values('4028eeb85575d122015575e553a80034',0,null,1,'icon','分公司定损分析',4010,'4028eeb85575d122015575dbf263001d',null);
insert into SYS_RESOURCE(ID,DELETED,DESCRIPTION,ENABLED,ICON,NAME,ORDERS,PID,URL) values('4028eeb85575d122015575dc70300020',0,null,1,'icon-risk','风险管控',50,'root',null);
insert into SYS_RESOURCE(ID,DELETED,DESCRIPTION,ENABLED,ICON,NAME,ORDERS,PID,URL) values('4028eeb85575d122015575ddbe3f0024',0,'洞见分析-核损整体分析',1,'icon-chart-line','核损整体分析',3020,'4028eeb85575d122015575db9694001b',null);
insert into SYS_RESOURCE(ID,DELETED,DESCRIPTION,ENABLED,ICON,NAME,ORDERS,PID,URL) values('4028eeb85575d122015575e17d4d002c',0,null,1,'icon-chart-line','定损修理分析',304030,'4028eeb85575d122015575dfaa590028',null);
insert into SYS_RESOURCE(ID,DELETED,DESCRIPTION,ENABLED,ICON,NAME,ORDERS,PID,URL) values('4028eeb85575d122015575e5dde70036',0,null,1,'icon-','分公司核损分析',4020,'4028eeb85575d122015575dbf263001d',null);
insert into SYS_RESOURCE(ID,DELETED,DESCRIPTION,ENABLED,ICON,NAME,PID,URL,ORDERS) values('4028eeb855c97a130155c999122d0007',0,null,1,'icon-dict','数据字典','4028eeb854c7ed3b0154c7ed3ba00000','/dict/index',1090);
--------SYS_RESOURCE表数据--------

--------SYS_ORG表数据--------
insert into SYS_ORG(ID,BSID,CODE,DELETED,DESCRIPTION,ENABLED,NAME,PID,TYPE) values('root','1001','jingyou',0,'精友国际集团',1,'精友国际集团','0',1);
--------SYS_ORG表数据--------

--------SYS_USER表数据--------
insert into SYS_USER(ID,ACCOUNT,CREATE_TIME,EMAIL,ENABLED,MOBILE,NAME,ORG_ID,PWD,THEME,TYPE) values('4028eeb85523b22a015523b22a1d0000','admin',to_date('2016-06-22 00:00:00','yyyy-mm-dd hh24:mi:ss'),null,1,null,'admin','root','7f86375b2dd218b139061dd3ae98eca3fee3448ac4470225bc25f73e','default',0);
--------SYS_USER表数据--------

--------SYS_ROLE表数据--------
insert into SYS_ROLE(ID,DESCRIPTION,ENABLED,NAME,TYPE) values('4028eeb8552eb96a01552ecc1f2c001c','拥有所有权限',1,'admin','系统角色');
insert into SYS_ROLE(ID,DESCRIPTION,ENABLED,NAME,TYPE) values('4028eeb8555caa6f01555cc741a90021','普通角色',1,'默认角色','普通角色');
--------SYS_ROLE表数据--------

--------SYS_FILTER表数据--------
insert into SYS_FILTER(ID,CLZ_NAME,DESCRIPTION) values('4028eeb855575a0d0155577a55e10009','UserBean','用户管理');
insert into SYS_FILTER(ID,CLZ_NAME,DESCRIPTION) values('4028eeb85556e0bb015556e0fd580001','LogBean','LogBean');
insert into SYS_FILTER(ID,CLZ_NAME,DESCRIPTION) values('4028eeb85558423701555843b8420006','SysParamBean','系统变量');
insert into SYS_FILTER(ID,CLZ_NAME,DESCRIPTION) values('4028eeb85557adc9015557af71520002','RoleBean','角色管理');
insert into SYS_FILTER(ID,CLZ_NAME,DESCRIPTION) values('4028eeb85558209d0155582115de0001','FilterBean','过滤器管理');
--------SYS_FILTER表数据--------

--------SYS_FILTER_ITEM表数据--------
insert into SYS_FILTER_ITEM(ID,ENABLED,FIELD,FIELD_NAME,FIELD_TYPE,FILTER_ID,ORDERS,RESTRICTION,VALUE) values('4028eeb855575a0d0155577cec28000b',1,'name','用户名','text','4028eeb855575a0d0155577a55e10009',1,'Like',null);
insert into SYS_FILTER_ITEM(ID,ENABLED,FIELD,FIELD_NAME,FIELD_TYPE,FILTER_ID,ORDERS,RESTRICTION,VALUE) values('4028eeb855575a0d0155577e1e0b000d',1,'account','账号','text','4028eeb855575a0d0155577a55e10009',2,'Like',null);
insert into SYS_FILTER_ITEM(ID,ENABLED,FIELD,FIELD_NAME,FIELD_TYPE,FILTER_ID,ORDERS,RESTRICTION,VALUE) values('4028eeb85557adc9015557afedb30004',1,'name','角色名称','text','4028eeb85557adc9015557af71520002',1,'Like',null);
insert into SYS_FILTER_ITEM(ID,ENABLED,FIELD,FIELD_NAME,FIELD_TYPE,FILTER_ID,ORDERS,RESTRICTION,VALUE) values('4028eeb8555caa6f01555cbb1cfc0004',1,'ip','IP地址','text','4028eeb85556e0bb015556e0fd580001',5,'RLike',null);
insert into SYS_FILTER_ITEM(ID,ENABLED,FIELD,FIELD_NAME,FIELD_TYPE,FILTER_ID,ORDERS,RESTRICTION,VALUE) values('4028eeb85556e990015556f5aed20009',1,'time','操作时间','datetime','4028eeb85556e0bb015556e0fd580001',3,'Between',null);
insert into SYS_FILTER_ITEM(ID,ENABLED,FIELD,FIELD_NAME,FIELD_TYPE,FILTER_ID,ORDERS,RESTRICTION,VALUE) values('4028eeb85556e990015556f4c2100005',0,'userName','操作人','text','4028eeb85556e0bb015556e0fd580001',1,'Like',null);
insert into SYS_FILTER_ITEM(ID,ENABLED,FIELD,FIELD_NAME,FIELD_TYPE,FILTER_ID,ORDERS,RESTRICTION,VALUE) values('4028eeb85556e990015556f54f4a0007',1,'model','模块','text','4028eeb85556e0bb015556e0fd580001',2,'Like',null);
insert into SYS_FILTER_ITEM(ID,ENABLED,FIELD,FIELD_NAME,FIELD_TYPE,FILTER_ID,ORDERS,RESTRICTION,VALUE) values('4028eeb85557d0d6015557d1ce990001',1,'type','日志类型','select','4028eeb85556e0bb015556e0fd580001',4,'Eq',':所有;操作:操作;登陆:登陆');
insert into SYS_FILTER_ITEM(ID,ENABLED,FIELD,FIELD_NAME,FIELD_TYPE,FILTER_ID,ORDERS,RESTRICTION,VALUE) values('4028eeb85558209d01555821c3660004',1,'clzName','业务对象','text','4028eeb85558209d0155582115de0001',1,'Like',null);
insert into SYS_FILTER_ITEM(ID,ENABLED,FIELD,FIELD_NAME,FIELD_TYPE,FILTER_ID,ORDERS,RESTRICTION,VALUE) values('4028eeb8555842370155584511c70008',1,'key','参数Key','text','4028eeb85558423701555843b8420006',1,'Like',null);
insert into SYS_FILTER_ITEM(ID,ENABLED,FIELD,FIELD_NAME,FIELD_TYPE,FILTER_ID,ORDERS,RESTRICTION,VALUE) values('4028eeb855721348015572246bd7000a',1,'timeSpend','耗时','text','4028eeb85556e0bb015556e0fd580001',6,'Ge',null);
--------SYS_FILTER_ITEM表数据--------

--------SYS_PARAM表数据--------
insert into SYS_PARAM(ID,DESCRIPTION,KEY,NAME,VALUE) values('4028eeb85515ba9a015515ba9ac60000','新建用户的初始密码a','userInitPwd','用户初始密码','123456');
insert into SYS_PARAM(ID,DESCRIPTION,KEY,NAME,VALUE) values('4028eeb8555bfe0f01555c67ba01000f','同一用户是否只能单地登陆 Y是 N否','singleLogin','用户单点登陆','N');
--------SYS_PARAM表数据--------

--------SYS_RES_BTN表数据--------
insert into SYS_RES_BTN(ID,DESCRIPTION,ENABLED,EVENT,ICON,NAME,ORDERS,RES_ID) values('4028eeb85529579001552959be4f0003','系统参数-新增',1,'add()','icon-add','新增',1,'4028eeb85515762601551589b0860006');
insert into SYS_RES_BTN(ID,DESCRIPTION,ENABLED,EVENT,ICON,NAME,ORDERS,RES_ID) values('4028eeb8552957900155295a282c0004','系统参数-修改',1,'edit()','icon-edit','修改',2,'4028eeb85515762601551589b0860006');
insert into SYS_RES_BTN(ID,DESCRIPTION,ENABLED,EVENT,ICON,NAME,ORDERS,RES_ID) values('4028eeb8552957900155295a82d40005','系统参数-删除',1,'del()','icon-remove','删除',3,'4028eeb85515762601551589b0860006');
insert into SYS_RES_BTN(ID,DESCRIPTION,ENABLED,EVENT,ICON,NAME,ORDERS,RES_ID) values('4028eeb8552957900155295b03d70006','用户管理-新增',1,'add()','icon-add','新增',1,'4028eeb854cca9fe0154ccb07df50001');
insert into SYS_RES_BTN(ID,DESCRIPTION,ENABLED,EVENT,ICON,NAME,ORDERS,RES_ID) values('4028eeb8552957900155295b45ce0007','用户管理-修改',1,'edit()','icon-edit','修改',2,'4028eeb854cca9fe0154ccb07df50001');
insert into SYS_RES_BTN(ID,DESCRIPTION,ENABLED,EVENT,ICON,NAME,ORDERS,RES_ID) values('4028eeb8552957900155295b9fe20008','用户管理-删除',1,'del()','icon-remove','删除',3,'4028eeb854cca9fe0154ccb07df50001');
insert into SYS_RES_BTN(ID,DESCRIPTION,ENABLED,EVENT,ICON,NAME,ORDERS,RES_ID) values('4028eeb855581c7c0155581ffe7e0002','过滤器管理-查询',1,'search()','icon-search','查询',5,'4028eeb8555348e00155535b9f930005');
insert into SYS_RES_BTN(ID,DESCRIPTION,ENABLED,EVENT,ICON,NAME,ORDERS,RES_ID) values('4028eeb8552eb96a01552ed3dd680034','用户管理-分配角色',1,'assignRole()','icon-role','分配角色',4,'4028eeb854cca9fe0154ccb07df50001');
insert into SYS_RES_BTN(ID,DESCRIPTION,ENABLED,EVENT,ICON,NAME,ORDERS,RES_ID) values('4028eeb85552daa9015552dfd1890001','系统日志-查询',1,'search()','icon-search','查询',1,'4028eeb8554e2cea01554e2dbbe60001');
insert into SYS_RES_BTN(ID,DESCRIPTION,ENABLED,EVENT,ICON,NAME,ORDERS,RES_ID) values('4028eeb8555386080155538e98eb000f','属性配置',1,'cfgField()','icon-cfg','属性配置',4,'4028eeb8555348e00155535b9f930005');
insert into SYS_RES_BTN(ID,DESCRIPTION,ENABLED,EVENT,ICON,NAME,ORDERS,RES_ID) values('4028eeb855575a0d01555778af980004','用户管理-查询',1,'search()','icon-search','查询',5,'4028eeb854cca9fe0154ccb07df50001');
insert into SYS_RES_BTN(ID,DESCRIPTION,ENABLED,EVENT,ICON,NAME,ORDERS,RES_ID) values('4028eeb8555348e00155535db5b2000c','过滤器删除',1,'del()','icon-remove','删除',3,'4028eeb8555348e00155535b9f930005');
insert into SYS_RES_BTN(ID,DESCRIPTION,ENABLED,EVENT,ICON,NAME,ORDERS,RES_ID) values('4028eeb8555348e00155535caad10008','过滤器-新增',1,'add()','icon-add','新增',1,'4028eeb8555348e00155535b9f930005');
insert into SYS_RES_BTN(ID,DESCRIPTION,ENABLED,EVENT,ICON,NAME,ORDERS,RES_ID) values('4028eeb8555348e00155535d17d1000a','过滤器修改',1,'edit()','icon-edit','修改',2,'4028eeb8555348e00155535b9f930005');
insert into SYS_RES_BTN(ID,DESCRIPTION,ENABLED,EVENT,ICON,NAME,ORDERS,RES_ID) values('4028eeb85557adc9015557b10c060006','按钮管理-查询',1,'search()','icon-search','查询',5,'4028eeb85529b507015529bdfd570002');
insert into SYS_RES_BTN(ID,DESCRIPTION,ENABLED,EVENT,ICON,NAME,ORDERS,RES_ID) values('4028eeb85524a585015524a585830000','菜单管理-新增',1,'add()','icon-add','新增',1,'4028eeb854c7ed3b0154c7eeb8ac0001');
insert into SYS_RES_BTN(ID,DESCRIPTION,ENABLED,EVENT,ICON,NAME,ORDERS,RES_ID) values('4028eeb85524a585015524b6c0950001','菜单管理-修改',1,'edit()','icon-edit','修改',2,'4028eeb854c7ed3b0154c7eeb8ac0001');
insert into SYS_RES_BTN(ID,DESCRIPTION,ENABLED,EVENT,ICON,NAME,ORDERS,RES_ID) values('4028eeb85524a585015524b737540002','菜单管理-删除',1,'del()','icon-remove','删除',3,'4028eeb854c7ed3b0154c7eeb8ac0001');
insert into SYS_RES_BTN(ID,DESCRIPTION,ENABLED,EVENT,ICON,NAME,ORDERS,RES_ID) values('4028eeb85524a585015524b7e20a0003','菜单管理-按钮管理',1,'btn()','icon-res-btn','按钮管理',4,'4028eeb854c7ed3b0154c7eeb8ac0001');
insert into SYS_RES_BTN(ID,DESCRIPTION,ENABLED,EVENT,ICON,NAME,ORDERS,RES_ID) values('4028eeb8552957900155295790ed0000','部门管理-新增',1,'add()','icon-add','新增',1,'4028eeb854c7ed3b0154c7ef26790002');
insert into SYS_RES_BTN(ID,DESCRIPTION,ENABLED,EVENT,ICON,NAME,ORDERS,RES_ID) values('4028eeb855295790015529580add0001','部门管理-修改',1,'edit()','icon-edit','修改',2,'4028eeb854c7ed3b0154c7ef26790002');
insert into SYS_RES_BTN(ID,DESCRIPTION,ENABLED,EVENT,ICON,NAME,ORDERS,RES_ID) values('4028eeb8552957900155295855d50002','部门管理-删除',1,'del()','icon-remove','删除',3,'4028eeb854c7ed3b0154c7ef26790002');
insert into SYS_RES_BTN(ID,DESCRIPTION,ENABLED,EVENT,ICON,NAME,ORDERS,RES_ID) values('4028eeb85558423701555842db320002','系统变量-查询',1,'search()','icon-search','查询',4,'4028eeb85515762601551589b0860006');
insert into SYS_RES_BTN(ID,DESCRIPTION,ENABLED,EVENT,ICON,NAME,ORDERS,RES_ID) values('4028eeb85529f291015529f291cf0000','角色管理-新增',1,'add()','icon-add','新增',1,'4028eeb85529b507015529bdfd570002');
insert into SYS_RES_BTN(ID,DESCRIPTION,ENABLED,EVENT,ICON,NAME,ORDERS,RES_ID) values('4028eeb85529f291015529f2d0460001','角色管理-修改',1,'edit()','icon-edit','修改',2,'4028eeb85529b507015529bdfd570002');
insert into SYS_RES_BTN(ID,DESCRIPTION,ENABLED,EVENT,ICON,NAME,ORDERS,RES_ID) values('4028eeb85529f291015529f30fd40002','角色管理-删除',1,'del()','icon-remove','删除',3,'4028eeb85529b507015529bdfd570002');
insert into SYS_RES_BTN(ID,DESCRIPTION,ENABLED,EVENT,ICON,NAME,ORDERS,RES_ID) values('4028eeb8552a04a601552a04a6620000','角色管理-分配资源',1,'assignRes()','icon-res','分配资源',4,'4028eeb85529b507015529bdfd570002');
insert into SYS_RES_BTN(ID,DESCRIPTION,ENABLED,EVENT,ICON,NAME,RES_ID,ORDERS) values('4028eeb855c97a130155c999eeb90009','数据字典-新增',1,'add()','icon-add','新增','4028eeb855c97a130155c999122d0007',1);
insert into SYS_RES_BTN(ID,DESCRIPTION,ENABLED,EVENT,ICON,NAME,RES_ID,ORDERS) values('4028eeb855c97a130155c99a2e39000b','数据字典-修改',1,'edit()','icon-edit','修改','4028eeb855c97a130155c999122d0007',2);
insert into SYS_RES_BTN(ID,DESCRIPTION,ENABLED,EVENT,ICON,NAME,RES_ID,ORDERS) values('4028eeb855c97a130155c99a7863000d','数据字典-删除',1,'del()','icon-remove','删除','4028eeb855c97a130155c999122d0007',3);
--------SYS_RES_BTN表数据--------

--------SYS_ROLE_RES表数据--------
insert into SYS_ROLE_RES(ID,RES_ID,ROLE_ID,TYPE) values('4028eeb855581c7c01555820294b0004','4028eeb855581c7c0155581ffe7e0002','4028eeb8552eb96a01552ecc1f2c001c','button');
insert into SYS_ROLE_RES(ID,RES_ID,ROLE_ID,TYPE) values('4028eeb8554e520801554e645ec80028','root','4028eeb8552eb96a01552ecc1f2c001c','resource');
insert into SYS_ROLE_RES(ID,RES_ID,ROLE_ID,TYPE) values('4028eeb8555386080155538ec2200011','4028eeb8555386080155538e98eb000f','4028eeb8552eb96a01552ecc1f2c001c','button');
insert into SYS_ROLE_RES(ID,RES_ID,ROLE_ID,TYPE) values('4028eeb855575a0d01555779f4d10007','4028eeb855575a0d01555778af980004','4028eeb8552eb96a01552ecc1f2c001c','button');
insert into SYS_ROLE_RES(ID,RES_ID,ROLE_ID,TYPE) values('4028eeb855522154015552237dc50008','root','4028eeb855522154015552237dc50007','resource');
insert into SYS_ROLE_RES(ID,RES_ID,ROLE_ID,TYPE) values('4028eeb85552215401555223936d000b','4028eeb85524a585015524b7e20a0003','4028eeb855522154015552237dc50009','button');
insert into SYS_ROLE_RES(ID,RES_ID,ROLE_ID,TYPE) values('4028eeb85552215401555223936d000c','4028eeb854c7ed3b0154c7eeb8ac0001','4028eeb855522154015552237dc50009','resource');
insert into SYS_ROLE_RES(ID,RES_ID,ROLE_ID,TYPE) values('4028eeb85552215401555223936e000d','4028eeb854c7ed3b0154c7ed3ba00000','4028eeb855522154015552237dc50009','resource');
insert into SYS_ROLE_RES(ID,RES_ID,ROLE_ID,TYPE) values('4028eeb85552280d01555228f4e10003','root','4028eeb85552280d01555228f4b20002','resource');
insert into SYS_ROLE_RES(ID,RES_ID,ROLE_ID,TYPE) values('4028eeb8555348e00155535e11d6000e','4028eeb8555348e00155535db5b2000c','4028eeb8552eb96a01552ecc1f2c001c','button');
insert into SYS_ROLE_RES(ID,RES_ID,ROLE_ID,TYPE) values('4028eeb8554e520801554e645ec7000e','4028eeb854c7ed3b0154c7ed3ba00000','4028eeb8552eb96a01552ecc1f2c001c','resource');
insert into SYS_ROLE_RES(ID,RES_ID,ROLE_ID,TYPE) values('4028eeb8554e520801554e645ec7000f','4028eeb854c7ed3b0154c7ef26790002','4028eeb8552eb96a01552ecc1f2c001c','resource');
insert into SYS_ROLE_RES(ID,RES_ID,ROLE_ID,TYPE) values('4028eeb8554e520801554e645ec70010','4028eeb8552957900155295790ed0000','4028eeb8552eb96a01552ecc1f2c001c','button');
insert into SYS_ROLE_RES(ID,RES_ID,ROLE_ID,TYPE) values('4028eeb8554e520801554e645ec80011','4028eeb855295790015529580add0001','4028eeb8552eb96a01552ecc1f2c001c','button');
insert into SYS_ROLE_RES(ID,RES_ID,ROLE_ID,TYPE) values('4028eeb8554e520801554e645ec80012','4028eeb8552957900155295855d50002','4028eeb8552eb96a01552ecc1f2c001c','button');
insert into SYS_ROLE_RES(ID,RES_ID,ROLE_ID,TYPE) values('4028eeb8554e520801554e645ec80013','4028eeb854c7ed3b0154c7eeb8ac0001','4028eeb8552eb96a01552ecc1f2c001c','resource');
insert into SYS_ROLE_RES(ID,RES_ID,ROLE_ID,TYPE) values('4028eeb8554e520801554e645ec80014','4028eeb85524a585015524a585830000','4028eeb8552eb96a01552ecc1f2c001c','button');
insert into SYS_ROLE_RES(ID,RES_ID,ROLE_ID,TYPE) values('4028eeb8554e520801554e645ec80015','4028eeb85524a585015524b6c0950001','4028eeb8552eb96a01552ecc1f2c001c','button');
insert into SYS_ROLE_RES(ID,RES_ID,ROLE_ID,TYPE) values('4028eeb8554e520801554e645ec80016','4028eeb85524a585015524b737540002','4028eeb8552eb96a01552ecc1f2c001c','button');
insert into SYS_ROLE_RES(ID,RES_ID,ROLE_ID,TYPE) values('4028eeb8554e520801554e645ec80017','4028eeb85524a585015524b7e20a0003','4028eeb8552eb96a01552ecc1f2c001c','button');
insert into SYS_ROLE_RES(ID,RES_ID,ROLE_ID,TYPE) values('4028eeb8554e520801554e645ec80018','4028eeb85529b507015529bdfd570002','4028eeb8552eb96a01552ecc1f2c001c','resource');
insert into SYS_ROLE_RES(ID,RES_ID,ROLE_ID,TYPE) values('4028eeb8554e520801554e645ec80019','4028eeb85529f291015529f291cf0000','4028eeb8552eb96a01552ecc1f2c001c','button');
insert into SYS_ROLE_RES(ID,RES_ID,ROLE_ID,TYPE) values('4028eeb8554e520801554e645ec8001a','4028eeb85529f291015529f2d0460001','4028eeb8552eb96a01552ecc1f2c001c','button');
insert into SYS_ROLE_RES(ID,RES_ID,ROLE_ID,TYPE) values('4028eeb8554e520801554e645ec8001b','4028eeb85529f291015529f30fd40002','4028eeb8552eb96a01552ecc1f2c001c','button');
insert into SYS_ROLE_RES(ID,RES_ID,ROLE_ID,TYPE) values('4028eeb8554e520801554e645ec8001c','4028eeb8552a04a601552a04a6620000','4028eeb8552eb96a01552ecc1f2c001c','button');
insert into SYS_ROLE_RES(ID,RES_ID,ROLE_ID,TYPE) values('4028eeb8554e520801554e645ec8001d','4028eeb854cca9fe0154ccb07df50001','4028eeb8552eb96a01552ecc1f2c001c','resource');
insert into SYS_ROLE_RES(ID,RES_ID,ROLE_ID,TYPE) values('4028eeb8554e520801554e645ec8001e','4028eeb8552957900155295b03d70006','4028eeb8552eb96a01552ecc1f2c001c','button');
insert into SYS_ROLE_RES(ID,RES_ID,ROLE_ID,TYPE) values('4028eeb8554e520801554e645ec8001f','4028eeb8552957900155295b45ce0007','4028eeb8552eb96a01552ecc1f2c001c','button');
insert into SYS_ROLE_RES(ID,RES_ID,ROLE_ID,TYPE) values('4028eeb8554e520801554e645ec80020','4028eeb8552957900155295b9fe20008','4028eeb8552eb96a01552ecc1f2c001c','button');
insert into SYS_ROLE_RES(ID,RES_ID,ROLE_ID,TYPE) values('4028eeb8554e520801554e645ec80021','4028eeb8552eb96a01552ed3dd680034','4028eeb8552eb96a01552ecc1f2c001c','button');
insert into SYS_ROLE_RES(ID,RES_ID,ROLE_ID,TYPE) values('4028eeb8554e520801554e645ec80022','4028eeb85515762601551589b0860006','4028eeb8552eb96a01552ecc1f2c001c','resource');
insert into SYS_ROLE_RES(ID,RES_ID,ROLE_ID,TYPE) values('4028eeb8554e520801554e645ec80023','4028eeb85529579001552959be4f0003','4028eeb8552eb96a01552ecc1f2c001c','button');
insert into SYS_ROLE_RES(ID,RES_ID,ROLE_ID,TYPE) values('4028eeb8554e520801554e645ec80024','4028eeb8552957900155295a282c0004','4028eeb8552eb96a01552ecc1f2c001c','button');
insert into SYS_ROLE_RES(ID,RES_ID,ROLE_ID,TYPE) values('4028eeb8554e520801554e645ec80025','4028eeb8552957900155295a82d40005','4028eeb8552eb96a01552ecc1f2c001c','button');
insert into SYS_ROLE_RES(ID,RES_ID,ROLE_ID,TYPE) values('4028eeb8554e520801554e645ec80026','4028eeb8554390f901554390f90c0000','4028eeb8552eb96a01552ecc1f2c001c','resource');
insert into SYS_ROLE_RES(ID,RES_ID,ROLE_ID,TYPE) values('4028eeb8554e520801554e645ec80027','4028eeb8554e2cea01554e2dbbe60001','4028eeb8552eb96a01552ecc1f2c001c','resource');
insert into SYS_ROLE_RES(ID,RES_ID,ROLE_ID,TYPE) values('4028eeb8555348e00155535e11d6000f','4028eeb8555348e00155535b9f930005','4028eeb8552eb96a01552ecc1f2c001c','resource');
insert into SYS_ROLE_RES(ID,RES_ID,ROLE_ID,TYPE) values('4028eeb8555348e00155535e11d60010','4028eeb8555348e00155535d17d1000a','4028eeb8552eb96a01552ecc1f2c001c','button');
insert into SYS_ROLE_RES(ID,RES_ID,ROLE_ID,TYPE) values('4028eeb8555348e00155535e11d60011','4028eeb8555348e00155535caad10008','4028eeb8552eb96a01552ecc1f2c001c','button');
insert into SYS_ROLE_RES(ID,RES_ID,ROLE_ID,TYPE) values('4028eeb85557adc9015557b127880008','4028eeb85557adc9015557b10c060006','4028eeb8552eb96a01552ecc1f2c001c','button');
insert into SYS_ROLE_RES(ID,RES_ID,ROLE_ID,TYPE) values('4028eeb8555bfe0f01555c2903670006','4028eeb8555bfe0f01555c28d7b50004','4028eeb8552eb96a01552ecc1f2c001c','resource');
insert into SYS_ROLE_RES(ID,RES_ID,ROLE_ID,TYPE) values('4028eeb85572134801557214cb2b0005','4028eeb8555bfe0f01555c28d7b50004','4028eeb8555caa6f01555cc741a90021','resource');
insert into SYS_ROLE_RES(ID,RES_ID,ROLE_ID,TYPE) values('4028eeb8555d6e2101555d6eb2cd0003','4028eeb8555d1eab01555d2b0e970002','4028eeb8552eb96a01552ecc1f2c001c','resource');
insert into SYS_ROLE_RES(ID,RES_ID,ROLE_ID,TYPE) values('4028eeb85572134801557214cb2b0004','4028eeb8555d1eab01555d2b0e970002','4028eeb8555caa6f01555cc741a90021','resource');
insert into SYS_ROLE_RES(ID,RES_ID,ROLE_ID,TYPE) values('4028eeb8555221540155522633ca0015','4028eeb854c7ed3b0154c7ef26790002','4028eeb8555221540155522565450012','resource');
insert into SYS_ROLE_RES(ID,RES_ID,ROLE_ID,TYPE) values('4028eeb8555221540155522633ca0016','4028eeb854c7ed3b0154c7ed3ba00000','4028eeb8555221540155522565450012','resource');
insert into SYS_ROLE_RES(ID,RES_ID,ROLE_ID,TYPE) values('4028eeb85552f5a7015552fac4760004','4028eeb85552daa9015552dfd1890001','4028eeb8552eb96a01552ecc1f2c001c','button');
insert into SYS_ROLE_RES(ID,RES_ID,ROLE_ID,TYPE) values('4028eeb8555caa6f01555cc741a90022','root','4028eeb8555caa6f01555cc741a90021','resource');
insert into SYS_ROLE_RES(ID,RES_ID,ROLE_ID,TYPE) values('4028eeb855584237015558430a9b0004','4028eeb85558423701555842db320002','4028eeb8552eb96a01552ecc1f2c001c','button');
insert into SYS_ROLE_RES(ID,RES_ID,ROLE_ID,TYPE) values('4028eeb8555caa6f01555cc785710024','4028eeb854c7ed3b0154c7ef26790002','4028eeb8555caa6f01555cc741a90021','resource');
insert into SYS_ROLE_RES(ID,RES_ID,ROLE_ID,TYPE) values('4028eeb8555221540155522565450011','root','4028eeb8555221540155522565440010','resource');
insert into SYS_ROLE_RES(ID,RES_ID,ROLE_ID,TYPE) values('4028eeb8555221540155522633c90014','4028eeb8552957900155295855d50002','4028eeb8555221540155522565450012','button');
insert into SYS_ROLE_RES(ID,RES_ID,ROLE_ID,TYPE) values('4028eeb8555caa6f01555cc785710025','4028eeb854c7ed3b0154c7ed3ba00000','4028eeb8555caa6f01555cc741a90021','resource');
insert into SYS_ROLE_RES(ID,RES_ID,ROLE_ID,TYPE) values('4028eeb8555caa6f01555cc785710026','4028eeb8555348e00155535b9f930005','4028eeb8555caa6f01555cc741a90021','resource');
insert into SYS_ROLE_RES(ID,RES_ID,ROLE_ID,TYPE) values('4028eeb8555caa6f01555cc785710027','4028eeb8554390f901554390f90c0000','4028eeb8555caa6f01555cc741a90021','resource');
insert into SYS_ROLE_RES(ID,RES_ID,ROLE_ID,TYPE) values('4028eeb8555caa6f01555cc785710028','4028eeb8554e2cea01554e2dbbe60001','4028eeb8555caa6f01555cc741a90021','resource');
insert into SYS_ROLE_RES(ID,RES_ID,ROLE_ID,TYPE) values('4028eeb8555caa6f01555cc785710029','4028eeb85515762601551589b0860006','4028eeb8555caa6f01555cc741a90021','resource');
insert into SYS_ROLE_RES(ID,RES_ID,ROLE_ID,TYPE) values('4028eeb8555caa6f01555cc78571002a','4028eeb854cca9fe0154ccb07df50001','4028eeb8555caa6f01555cc741a90021','resource');
insert into SYS_ROLE_RES(ID,RES_ID,ROLE_ID,TYPE) values('4028eeb8555caa6f01555cc78571002b','4028eeb85529b507015529bdfd570002','4028eeb8555caa6f01555cc741a90021','resource');
insert into SYS_ROLE_RES(ID,RES_ID,ROLE_ID,TYPE) values('4028eeb8555caa6f01555cc78571002c','4028eeb854c7ed3b0154c7eeb8ac0001','4028eeb8555caa6f01555cc741a90021','resource');
insert into SYS_ROLE_RES(ID,RES_ID,ROLE_ID,TYPE) values('4028eeb85575d122015575e8d6e1003a','4028eeb85575d122015575dc70300020','4028eeb8552eb96a01552ecc1f2c001c','resource');
insert into SYS_ROLE_RES(ID,RES_ID,ROLE_ID,TYPE) values('4028eeb85575d122015575e8d6e1003b','4028eeb85575d122015575e63ad30038','4028eeb8552eb96a01552ecc1f2c001c','resource');
insert into SYS_ROLE_RES(ID,RES_ID,ROLE_ID,TYPE) values('4028eeb85575d122015575e8d6e1003c','4028eeb85575d122015575dbf263001d','4028eeb8552eb96a01552ecc1f2c001c','resource');
insert into SYS_ROLE_RES(ID,RES_ID,ROLE_ID,TYPE) values('4028eeb85575d122015575e8d6e1003d','4028eeb85575d122015575e5dde70036','4028eeb8552eb96a01552ecc1f2c001c','resource');
insert into SYS_ROLE_RES(ID,RES_ID,ROLE_ID,TYPE) values('4028eeb85575d122015575e8d6e1003e','4028eeb85575d122015575e553a80034','4028eeb8552eb96a01552ecc1f2c001c','resource');
insert into SYS_ROLE_RES(ID,RES_ID,ROLE_ID,TYPE) values('4028eeb85575d122015575e8d6e1003f','4028eeb85575d122015575e437190032','4028eeb8552eb96a01552ecc1f2c001c','resource');
insert into SYS_ROLE_RES(ID,RES_ID,ROLE_ID,TYPE) values('4028eeb85575d122015575e8d6e10040','4028eeb85575d122015575dfaa590028','4028eeb8552eb96a01552ecc1f2c001c','resource');
insert into SYS_ROLE_RES(ID,RES_ID,ROLE_ID,TYPE) values('4028eeb85575d122015575e8d6e10041','4028eeb85575d122015575db9694001b','4028eeb8552eb96a01552ecc1f2c001c','resource');
insert into SYS_ROLE_RES(ID,RES_ID,ROLE_ID,TYPE) values('4028eeb85575d122015575e8d6e10042','4028eeb85575d122015575e26c93002e','4028eeb8552eb96a01552ecc1f2c001c','resource');
insert into SYS_ROLE_RES(ID,RES_ID,ROLE_ID,TYPE) values('4028eeb85575d122015575e8d6e10043','4028eeb85575d122015575e0a57f002a','4028eeb8552eb96a01552ecc1f2c001c','resource');
insert into SYS_ROLE_RES(ID,RES_ID,ROLE_ID,TYPE) values('4028eeb85575d122015575e8d6e10044','4028eeb85575d122015575e17d4d002c','4028eeb8552eb96a01552ecc1f2c001c','resource');
insert into SYS_ROLE_RES(ID,RES_ID,ROLE_ID,TYPE) values('4028eeb85575d122015575e8d6e10045','4028eeb85575d122015575de42bc0026','4028eeb8552eb96a01552ecc1f2c001c','resource');
insert into SYS_ROLE_RES(ID,RES_ID,ROLE_ID,TYPE) values('4028eeb85575d122015575e8d6e10046','4028eeb85575d122015575ddbe3f0024','4028eeb8552eb96a01552ecc1f2c001c','resource');
insert into SYS_ROLE_RES(ID,RES_ID,ROLE_ID,TYPE) values('4028eeb85575d122015575e8d6e10047','4028eeb85575d122015575dd33de0022','4028eeb8552eb96a01552ecc1f2c001c','resource');
--------SYS_ROLE_RES表数据--------


--------SYS_USER_ROLE表数据--------
insert into SYS_USER_ROLE(ID,ROLE_ID,ROLE_NAME,USER_ID) values('4028eeb8555caa6f01555cc7b5b1002e','4028eeb8555caa6f01555cc741a90021','默认角色','4028eeb85551ede1015551ee5fd50004');
insert into SYS_USER_ROLE(ID,ROLE_ID,ROLE_NAME,USER_ID) values('4028eeb8552f42c001552f42d6a50002','4028eeb8552eb96a01552ecc1f2c001c','all','4028eeb85523b22a015523b22a1d0000');
--------SYS_USER_ROLE表数据--------

--------表数据--------
insert into SYS_DICT(ID,NAME,PID,DESCRIPTION) values('root','系统字典','0','系统字典');
--------表数据--------
